{"cameraMode":{"drawMode":0,"name":"Shaded","section":"Shading Mode"},"sceneLighting":false,"audioPlay":false,"sceneViewState":{"showFog":true,"showMaterialUpdate":false,"showSkybox":true,"showFlares":true,"showImageEffects":true,"showParticleSystems":true},"in2DMode":false,"pivot":{"x":0.14757299423217774,"y":-0.527329683303833,"z":-0.6465747356414795},"rotation":{"x":0.08994914591312409,"y":0.6081942915916443,"z":-0.06963507831096649,"w":0.7856001853942871},"size":4.558359146118164,"orthographic":false}