{"cameraMode":{"drawMode":0,"name":"Shaded","section":"Shading Mode"},"sceneLighting":false,"audioPlay":false,"sceneViewState":{"showFog":true,"showMaterialUpdate":false,"showSkybox":true,"showFlares":true,"showImageEffects":true,"showParticleSystems":true},"in2DMode":false,"pivot":{"x":-3.4382095336914064,"y":-1.4151118993759156,"z":-3.7321112155914308},"rotation":{"x":0.08831130713224411,"y":-0.793522298336029,"z":0.11871058493852616,"w":0.5903086066246033},"size":9.561426162719727,"orthographic":false}