{"cameraMode":{"drawMode":0,"name":"Shaded","section":"Shading Mode"},"sceneLighting":false,"audioPlay":false,"sceneViewState":{"showFog":true,"showMaterialUpdate":false,"showSkybox":true,"showFlares":true,"showImageEffects":true,"showParticleSystems":true},"in2DMode":false,"pivot":{"x":5.4096221923828129,"y":-3.53621506690979,"z":0.5127884745597839},"rotation":{"x":0.16923294961452485,"y":0.6631624102592468,"z":-0.1576508730649948,"w":0.7118546366691589},"size":15.43349552154541,"orthographic":false}