{"cameraMode":{"drawMode":0,"name":"Shaded","section":"Shading Mode"},"sceneLighting":false,"audioPlay":false,"sceneViewState":{"showFog":true,"showMaterialUpdate":false,"showSkybox":true,"showFlares":true,"showImageEffects":true,"showParticleSystems":true},"in2DMode":false,"pivot":{"x":-0.5184046030044556,"y":-1.4375344514846802,"z":2.1106514930725099},"rotation":{"x":0.17236793041229249,"y":-0.04283429682254791,"z":0.007502429187297821,"w":0.9840744733810425},"size":5.481229305267334,"orthographic":false}