{"cameraMode":{"drawMode":0,"name":"Shaded","section":"Shading Mode"},"sceneLighting":false,"audioPlay":false,"sceneViewState":{"showFog":true,"showMaterialUpdate":false,"showSkybox":true,"showFlares":true,"showImageEffects":true,"showParticleSystems":true},"in2DMode":false,"pivot":{"x":24.911020278930665,"y":51.6464958190918,"z":2908.217041015625},"rotation":{"x":0.2010185420513153,"y":-0.032041486352682117,"z":0.006553273182362318,"w":0.9790791869163513},"size":22.0,"orthographic":false}