{"cameraMode":{"drawMode":0,"name":"Shaded","section":"Shading Mode"},"sceneLighting":false,"audioPlay":false,"sceneViewState":{"showFog":true,"showMaterialUpdate":false,"showSkybox":true,"showFlares":true,"showImageEffects":true,"showParticleSystems":true},"in2DMode":false,"pivot":{"x":-10.90097713470459,"y":-6.442808628082275,"z":4.505556106567383},"rotation":{"x":-0.18196071684360505,"y":0.5249465107917786,"z":-0.11600282043218613,"w":-0.8233423233032227},"size":17.176698684692384,"orthographic":false}