{"cameraMode":{"drawMode":0,"name":"Shaded","section":"Shading Mode"},"sceneLighting":false,"audioPlay":false,"sceneViewState":{"showFog":true,"showMaterialUpdate":false,"showSkybox":true,"showFlares":true,"showImageEffects":true,"showParticleSystems":true},"in2DMode":false,"pivot":{"x":-0.4256993234157562,"y":1.3523519039154053,"z":0.7966878414154053},"rotation":{"x":0.17236793041229249,"y":-0.04283429682254791,"z":0.007502429187297821,"w":0.9840744733810425},"size":5.0190815925598148,"orthographic":false}