{"cameraMode":{"drawMode":0,"name":"Shaded","section":"Shading Mode"},"sceneLighting":false,"audioPlay":false,"sceneViewState":{"showFog":true,"showMaterialUpdate":false,"showSkybox":true,"showFlares":true,"showImageEffects":true,"showParticleSystems":true},"in2DMode":false,"pivot":{"x":-1.2729651927947999,"y":0.03344869613647461,"z":2.0787603855133058},"rotation":{"x":0.12150989472866059,"y":-0.27747204899787905,"z":0.035394929349422458,"w":0.9523724913597107},"size":5.319081783294678,"orthographic":false}