{"cameraMode":{"drawMode":0,"name":"Shaded","section":"Shading Mode"},"sceneLighting":false,"audioPlay":false,"sceneViewState":{"showFog":true,"showMaterialUpdate":false,"showSkybox":true,"showFlares":true,"showImageEffects":true,"showParticleSystems":true},"in2DMode":false,"pivot":{"x":1873.1051025390625,"y":2599.252685546875,"z":3476.501953125},"rotation":{"x":0.0553196482360363,"y":0.07361143827438355,"z":-0.004114403389394283,"w":0.9957794547080994},"size":8962.0498046875,"orthographic":false}