{"cameraMode":{"drawMode":0,"name":"Shaded","section":"Shading Mode"},"sceneLighting":false,"audioPlay":false,"sceneViewState":{"showFog":true,"showMaterialUpdate":false,"showSkybox":true,"showFlares":true,"showImageEffects":true,"showParticleSystems":true},"in2DMode":false,"pivot":{"x":-0.37788790464401247,"y":0.6585910320281982,"z":0.5491780042648315},"rotation":{"x":0.17236793041229249,"y":-0.04283429682254791,"z":0.007502429187297821,"w":0.9840744733810425},"size":1.7190814018249512,"orthographic":false}