{"cameraMode":{"drawMode":0,"name":"Shaded","section":"Shading Mode"},"sceneLighting":false,"audioPlay":false,"sceneViewState":{"showFog":true,"showMaterialUpdate":false,"showSkybox":true,"showFlares":true,"showImageEffects":true,"showParticleSystems":true},"in2DMode":false,"pivot":{"x":0.44844698905944826,"y":-2.6214542388916017,"z":0.25457829236984255},"rotation":{"x":0.2813381552696228,"y":0.5771415829658508,"z":-0.22120042145252229,"w":0.7340497374534607},"size":5.4251708984375,"orthographic":false}